Iteration,Language_Modeling_Loss,Contrastive_Loss
0,10.790684700012207,0.0010836111614480615
1,10.349864959716797,10.43471908569336
2,10.365731239318848,10.300768852233887
3,10.411380767822266,8.562159538269043
4,10.322278022766113,8.19035530090332
5,10.354959487915039,5.472468852996826
6,10.328841209411621,2.4333367347717285
7,10.330634117126465,0.31285879015922546
8,10.395936012268066,0.021158412098884583
9,10.39455509185791,0.00765632838010788
10,10.394865989685059,0.005037486087530851
11,10.270691871643066,0.014205348677933216
12,10.227492332458496,0.055118877440690994
13,10.181048393249512,0.399701327085495
14,10.168644905090332,1.0156419277191162
15,10.244770050048828,0.8033882975578308
16,10.121691703796387,0.6675071716308594
17,10.069507598876953,0.1618109494447708
18,10.135350227355957,0.051360588520765305
19,10.094016075134277,0.052139367908239365
20,9.94665813446045,0.143416628241539
21,9.963705062866211,0.2487240582704544
22,9.854079246520996,0.7793185114860535
23,9.803643226623535,0.7305389046669006
24,9.811797142028809,0.25661155581474304
25,9.777594566345215,0.11476003378629684
26,9.713377952575684,0.09746119379997253
27,9.564443588256836,0.2353953868150711
28,9.56025218963623,0.41387686133384705
29,9.440069198608398,0.5071074962615967
30,9.426836967468262,0.25589004158973694
31,9.273184776306152,0.2291153222322464
32,9.21842098236084,0.3001731336116791
33,9.135004043579102,0.2244827300310135
34,9.110313415527344,0.4210371971130371
35,8.936463356018066,0.3121868073940277
36,8.887890815734863,0.3014506995677948
37,8.823164939880371,0.31621694564819336
38,8.6994047164917,0.2623033821582794
39,8.60213851928711,0.3324738144874573
40,8.616315841674805,0.2378455400466919
41,8.513415336608887,0.19653598964214325
42,8.369658470153809,0.30811068415641785
43,8.268742561340332,0.2799183130264282
44,8.10214900970459,0.19519101083278656
45,8.002209663391113,0.2339470237493515
46,7.888311862945557,0.2389686107635498
47,7.758203983306885,0.23409730195999146
48,7.706740856170654,0.16416727006435394
49,7.428529739379883,0.18591995537281036
50,7.366018295288086,0.16763705015182495
51,7.30823278427124,0.17859429121017456
52,7.1275177001953125,0.27637481689453125
53,6.937307834625244,0.14294616878032684
54,6.78240966796875,0.2947908341884613
55,6.755415439605713,0.16708683967590332
56,6.579885005950928,0.21126043796539307
57,6.457221984863281,0.15900035202503204
58,6.268515110015869,0.25409823656082153
59,6.129478454589844,0.18312077224254608
60,6.109717845916748,0.13138671219348907
61,5.808696269989014,0.13395150005817413
62,5.756638050079346,0.21852989494800568
63,5.655484676361084,0.2493959218263626
64,5.595098972320557,0.129581481218338
65,5.418049335479736,0.1956971436738968
66,5.152583122253418,0.10954853892326355
67,5.143237113952637,0.13348475098609924
68,5.0523362159729,0.17066197097301483
69,4.821634769439697,0.16720931231975555
70,4.8394269943237305,0.1767853945493698
71,4.628678798675537,0.15684986114501953
72,4.536891937255859,0.13177664577960968
73,4.402945518493652,0.1391737014055252
74,4.321406364440918,0.06713922321796417
75,4.135287761688232,0.09282668679952621
76,4.035864353179932,0.11199828237295151
77,3.927759885787964,0.09826961159706116
78,4.043945789337158,0.23616619408130646
79,3.8655872344970703,0.0789252370595932
80,3.7613131999969482,0.03517160192131996
81,3.7101118564605713,0.06464067846536636
82,3.7302119731903076,0.07675252109766006
83,3.798759698867798,0.09276801347732544
84,3.6334517002105713,0.08664990216493607
85,3.4464948177337646,0.03841758519411087
86,3.4915695190429688,0.1578308492898941
87,3.510895013809204,0.03461373597383499
88,3.4971959590911865,0.1441621482372284
89,3.583509683609009,0.11228587478399277
90,3.6307904720306396,0.020262429490685463
91,3.3688433170318604,0.21291370689868927
92,3.382176399230957,0.05464782193303108
93,3.2670252323150635,0.03078513592481613
94,3.3850784301757812,0.15622280538082123
95,3.522719144821167,0.043794337660074234
96,3.380446434020996,0.05002720281481743
97,3.3818271160125732,0.03373518958687782
98,3.1529629230499268,0.4693826735019684
99,3.3931615352630615,0.03206378594040871
100,3.5561678409576416,0.2071780562400818
101,3.30029034614563,0.043677475303411484
102,3.2266902923583984,0.07272211462259293
103,3.2957353591918945,0.06385170668363571
104,3.333082437515259,0.3130529224872589
105,3.4518539905548096,0.02066158875823021
106,3.1251847743988037,0.10905983299016953
107,3.12909197807312,0.04741103574633598
108,3.388972520828247,0.22229258716106415
109,3.1663763523101807,0.05248279497027397
110,3.0043325424194336,0.1603667438030243
111,3.220627546310425,0.21582306921482086
112,3.1658294200897217,0.020729871466755867
113,3.288235664367676,0.19708223640918732
114,3.151663064956665,0.16963432729244232
115,3.3366546630859375,0.0401371531188488
116,3.09002685546875,0.22784323990345
117,3.1237967014312744,0.0826403796672821
118,3.0844767093658447,0.06426583975553513
119,2.9040935039520264,0.17154048383235931
120,3.0101864337921143,0.04052877426147461
121,3.0186359882354736,0.08201935142278671
122,3.357269525527954,0.35547199845314026
123,3.0292203426361084,0.05144071951508522
124,3.106837272644043,0.13160158693790436
125,3.0727789402008057,0.1157018318772316
126,2.9302377700805664,0.04983419179916382
127,3.1995608806610107,0.11418792605400085
128,2.920809507369995,0.060445237904787064
129,2.935452461242676,0.1377231776714325
130,3.1321418285369873,0.29580721259117126
131,2.895918130874634,0.04861047863960266
132,2.9638078212738037,0.2287665605545044
133,3.04057240486145,0.16737495362758636
134,3.0326602458953857,0.05814959108829498
135,3.076796770095825,0.15354369580745697
136,2.8611037731170654,0.11743474751710892
137,2.9788153171539307,0.041955072432756424
138,3.0585880279541016,0.09869104623794556
139,3.1170523166656494,0.3042602837085724
140,2.9849140644073486,0.09840214997529984
141,2.911857843399048,0.056389570236206055
142,2.9507687091827393,0.13017381727695465
143,2.8553359508514404,0.41244423389434814
144,2.9893147945404053,0.07658345252275467
145,2.9044182300567627,0.24174101650714874
146,3.0555260181427,0.07290719449520111
147,2.812612295150757,0.03169366344809532
148,2.9244210720062256,0.08837238699197769
149,2.8517253398895264,0.0878852978348732
150,2.9186394214630127,0.08020303398370743
151,3.0039594173431396,0.2423163205385208
152,2.9278602600097656,0.15029309689998627
153,2.970144033432007,0.1222347691655159
154,2.95365047454834,0.11899331957101822
155,2.8738365173339844,0.11053496599197388
156,2.861015558242798,0.09555808454751968
157,2.7784080505371094,0.2033277004957199
158,2.805344581604004,0.1197047010064125
159,3.0272533893585205,0.11020378023386002
160,2.8141891956329346,0.09452030807733536
161,2.867105722427368,0.14529114961624146
162,2.8403823375701904,0.10898158699274063
163,2.8768041133880615,0.09215262532234192
164,3.185046911239624,0.13405828177928925
165,2.89129638671875,0.06316237896680832
166,2.89141583442688,0.10771466046571732
167,2.845698595046997,0.4740394651889801
168,2.964238166809082,0.21189157664775848
169,3.10994815826416,0.05943288281559944
170,2.8718392848968506,0.10893525928258896
171,2.8382270336151123,0.1455308198928833
172,2.946704626083374,0.049015145748853683
173,2.7713963985443115,0.11315374821424484
174,2.964061737060547,0.8212182521820068
175,2.696965217590332,0.33101382851600647
176,2.8546972274780273,0.03365473449230194
177,2.8092200756073,0.0461977981030941
178,3.0833041667938232,0.11522188037633896
179,2.7916736602783203,0.10508469492197037
180,2.652637243270874,0.06094078719615936
181,2.8213632106781006,0.05154968798160553
182,2.745788812637329,0.12889288365840912
183,3.011385202407837,0.24624890089035034
184,2.8100340366363525,0.11158204078674316
185,2.956238031387329,0.1489790976047516
186,2.771545171737671,0.08069116622209549
187,2.6583850383758545,0.13340428471565247
188,2.855334997177124,0.10318062454462051
189,2.949666738510132,0.35869476199150085
190,2.627532482147217,0.1183021068572998
191,2.7906458377838135,0.3408378064632416
192,2.873699426651001,0.2141256183385849
193,2.82275652885437,0.31206172704696655
194,2.8116042613983154,0.15578658878803253
195,2.760103940963745,0.09520141035318375
196,2.719114065170288,0.0929093286395073
197,2.70043683052063,0.3074931800365448
198,2.7549502849578857,0.4965876340866089
199,2.7421672344207764,0.09851590543985367
200,2.657003879547119,0.05964626371860504
201,2.739919424057007,0.05535343661904335
202,2.7012598514556885,0.04121452197432518
203,2.6903486251831055,0.10598456114530563
204,2.860974073410034,0.20857076346874237
205,2.6745855808258057,0.0998511016368866
206,2.8948934078216553,0.05933578312397003
207,2.845254898071289,0.08295225352048874
208,2.9004876613616943,0.11986874788999557
209,2.8296375274658203,0.17956183850765228
210,2.808863878250122,0.16472379863262177
211,2.8877809047698975,0.0701843649148941
212,2.6646759510040283,0.052657853811979294
213,3.027066469192505,0.10869911313056946
214,2.829068183898926,0.3538426458835602
215,2.7086775302886963,0.25265663862228394
216,2.8478047847747803,0.21454095840454102
217,2.6293985843658447,0.059192921966314316
218,2.7774674892425537,0.06150275841355324
219,2.87668776512146,0.129281148314476
220,2.769683837890625,0.31679579615592957
221,2.740321397781372,0.18820996582508087
222,2.9973182678222656,0.08224550634622574
223,2.866536855697632,0.19359129667282104
224,2.881741762161255,0.11551964282989502
225,2.7362043857574463,0.13079722225666046
226,2.8639867305755615,0.08114892989397049
227,2.628404140472412,0.07217630743980408
228,2.7682340145111084,0.11154645681381226
229,2.821582794189453,0.11231305450201035
230,2.66416335105896,0.11945953220129013
231,2.677635908126831,0.17596548795700073
232,2.737863302230835,0.1120990440249443
233,2.7908928394317627,0.142888143658638
234,2.793123483657837,0.1370810866355896
235,2.619076728820801,0.10221859067678452
236,2.898442029953003,0.12229955196380615
237,2.760983467102051,0.14642588794231415
238,2.9348344802856445,0.1559063196182251
239,2.753880739212036,0.10843893140554428
240,2.7912991046905518,0.07768624275922775
241,2.9014737606048584,0.08606540411710739
242,3.0097732543945312,0.3200649917125702
243,2.795485734939575,0.14339298009872437
244,2.747098922729492,0.1060410737991333
245,2.799758195877075,0.1594487875699997
246,2.633816957473755,0.2353551983833313
247,2.6614158153533936,0.11055926233530045
248,2.869174003601074,0.06181079149246216
249,2.796400308609009,0.07636049389839172
250,2.756629705429077,0.14743374288082123
251,2.7819440364837646,0.1447768211364746
252,2.686924695968628,0.1287577599287033
253,2.8448545932769775,0.07951249182224274
254,2.71734881401062,0.10413318872451782
255,2.586327314376831,0.23948265612125397
256,2.8371150493621826,0.14156903326511383
257,2.734525442123413,0.1224442720413208
258,2.600750684738159,0.11861628293991089
259,2.664048194885254,0.13744384050369263
260,2.757335901260376,0.1073196530342102
261,2.641266107559204,0.18901009857654572
262,2.722275972366333,0.20377369225025177
263,2.751972198486328,0.13264217972755432
264,2.8020572662353516,0.11109620332717896
265,2.737337827682495,0.08685874938964844
266,2.6312215328216553,0.09607142210006714
267,2.7371997833251953,0.35219094157218933
268,2.6453609466552734,0.271884560585022
269,2.649676561355591,0.12215888500213623
270,2.5998005867004395,0.07803135365247726
271,2.703437566757202,0.08839252591133118
272,2.856567621231079,0.08777418732643127
273,2.840251922607422,0.07865576446056366
274,2.7417490482330322,0.08042483031749725
275,2.6353859901428223,0.0876348689198494
276,2.5620601177215576,0.13826744258403778
277,2.740795850753784,0.12329226732254028
278,2.8058128356933594,0.13484638929367065
279,2.8278446197509766,0.15521351993083954
280,2.6388750076293945,0.25068190693855286
281,2.801448106765747,0.1745625138282776
282,2.9353559017181396,0.13803964853286743
283,2.9812231063842773,0.09824170917272568
284,2.619539737701416,0.05070682242512703
285,2.6559669971466064,0.08419372886419296
286,2.7085342407226562,0.17977268993854523
287,2.677056312561035,0.27811312675476074
288,2.6327250003814697,0.14635783433914185
289,2.5599162578582764,0.05993790924549103
290,2.5334103107452393,0.05376977100968361
291,2.7252042293548584,0.058063700795173645
292,2.701709032058716,0.1187097355723381
293,2.6362216472625732,0.15213879942893982
294,2.607346296310425,0.12360324710607529
295,2.7113075256347656,0.1056547686457634
296,2.668736696243286,0.12837637960910797
297,2.6665375232696533,0.13116300106048584
298,2.7145345211029053,0.12620721757411957
299,2.6919829845428467,0.08421319723129272
300,2.518084764480591,0.11717107146978378
301,2.637375831604004,0.08920669555664062
302,2.9562480449676514,0.07249078154563904
303,2.469771146774292,0.11307132244110107
304,2.718621015548706,0.10779420286417007
305,2.5177173614501953,0.13282057642936707
306,2.7154502868652344,0.184137761592865
307,2.776747703552246,0.16612374782562256
308,2.633131742477417,0.18109653890132904
309,2.849555253982544,0.1602710634469986
310,2.773488998413086,0.14468488097190857
311,2.8000500202178955,0.09525156021118164
312,2.4864614009857178,0.22681717574596405
313,2.5992162227630615,0.14310169219970703
314,2.6378533840179443,0.14664821326732635
315,2.554556369781494,0.14038528501987457
316,2.7663679122924805,0.1272548884153366
317,2.9684314727783203,0.07863042503595352
318,2.568908929824829,0.08731836080551147
319,2.711793899536133,0.0902901366353035
320,2.915026903152466,0.2210884690284729
321,2.7735908031463623,0.07723677903413773
322,2.6214003562927246,0.07955808192491531
323,2.631559371948242,0.11176111549139023
324,2.6349833011627197,0.1672142744064331
325,2.7746360301971436,0.15483315289020538
326,2.599647045135498,0.16467610001564026
327,2.681105852127075,0.1358714997768402
328,2.736858367919922,0.22493521869182587
329,2.5655457973480225,0.12921519577503204
330,2.5802104473114014,0.15224571526050568
331,2.7647221088409424,0.09936932474374771
332,2.6111724376678467,0.18786509335041046
333,2.7090985774993896,0.1945570558309555
334,2.5093066692352295,0.2126663774251938
335,2.6169962882995605,0.12586858868598938
336,2.581312417984009,0.14422352612018585
337,2.6117513179779053,0.08016759157180786
338,2.7583248615264893,0.09723149985074997
339,2.574852228164673,0.09359795600175858
340,2.7052972316741943,0.1761532872915268
341,2.758429765701294,0.07736124843358994
342,2.5701801776885986,0.06541737914085388
343,2.5554022789001465,0.05135596916079521
344,2.602313756942749,0.04677548632025719
345,2.520648956298828,0.07769986987113953
346,2.642343282699585,0.26015856862068176
347,2.7652533054351807,0.149459108710289
348,2.5662999153137207,0.17027626931667328
349,2.849527597427368,0.12404108047485352
350,2.6908302307128906,0.07456865161657333
351,2.587738275527954,0.0986718162894249
352,2.576385498046875,0.09437048435211182
353,2.7060556411743164,0.14694346487522125
354,2.6988251209259033,0.17756633460521698
355,2.6881532669067383,0.16320864856243134
356,2.659579277038574,0.07709499448537827
357,2.7174150943756104,0.08394354581832886
358,2.5995988845825195,0.10097701102495193
359,2.6446332931518555,0.18056778609752655
360,2.821321487426758,0.11276736110448837
361,2.479544162750244,0.14695633947849274
362,2.6287267208099365,0.07986067980527878
363,2.831376314163208,0.16712653636932373
364,2.6822478771209717,0.1258750706911087
365,2.5580780506134033,0.2520238757133484
366,2.60970401763916,0.10009296983480453
367,2.62253475189209,0.1006966158747673
368,2.770970344543457,0.11494957655668259
369,2.5540120601654053,0.10647393018007278
370,2.550837516784668,0.154923677444458
371,2.6487491130828857,0.16773168742656708
372,2.3850603103637695,0.12748806178569794
373,2.4922995567321777,0.07662742584943771
374,2.5248701572418213,0.07919009774923325
375,2.544781446456909,0.08846662193536758
376,2.7488527297973633,0.12376718968153
377,2.4797143936157227,0.20162969827651978
378,2.6850712299346924,0.2111673355102539
379,2.589489221572876,0.1420174092054367
380,2.7197978496551514,0.10260731726884842
381,2.5424201488494873,0.09029888361692429
382,2.8780956268310547,0.08833011239767075
383,2.4917287826538086,0.0961904302239418
384,2.6334526538848877,0.07861277461051941
385,2.597588062286377,0.11063992232084274
386,2.5839383602142334,0.13295629620552063
387,2.541093587875366,0.17394115030765533
388,2.602004051208496,0.10580145567655563
389,2.564753293991089,0.09934962540864944
390,2.637617826461792,0.10190140455961227
391,2.719968557357788,0.13508638739585876
392,2.4655051231384277,0.19114349782466888
393,2.7201621532440186,0.1627480536699295
394,2.6841604709625244,0.09089416265487671
395,2.4027791023254395,0.06658189743757248
396,2.502370595932007,0.09947016090154648
397,2.5050246715545654,0.07552571594715118
398,2.5865378379821777,0.07660277932882309
399,2.53952693939209,0.15345226228237152
400,2.6154637336730957,0.18432368338108063
401,2.5629184246063232,0.1542065292596817
402,2.623748540878296,0.18262211978435516
403,2.4868762493133545,0.07020166516304016
404,2.6352031230926514,0.06460493057966232
405,2.7537107467651367,0.08767667412757874
406,2.5711441040039062,0.15420441329479218
407,2.8088433742523193,0.15011043846607208
408,2.6421620845794678,0.10643003135919571
409,2.5645053386688232,0.10877957195043564
410,2.4556171894073486,0.18907682597637177
411,2.4668776988983154,0.1548645794391632
412,2.6307990550994873,0.12240797281265259
413,2.4451725482940674,0.18430256843566895
414,2.7845261096954346,0.09040526300668716
415,2.64359974861145,0.0676475539803505
416,2.4979026317596436,0.08148407936096191
417,2.503870725631714,0.06859779357910156
418,2.651815176010132,0.07298615574836731
419,2.4919540882110596,0.11092212051153183
420,2.5564827919006348,0.1321723610162735
421,2.605945587158203,0.18411289155483246
422,2.514275312423706,0.11661770939826965
423,2.6342427730560303,0.10300452262163162
424,2.6280758380889893,0.08544053882360458
425,2.582533121109009,0.11963977664709091
426,2.419088363647461,0.20088393986225128
427,2.393035650253296,0.17508898675441742
428,2.4717395305633545,0.1204821839928627
429,2.5858473777770996,0.10762229561805725
430,2.388093948364258,0.1639154702425003
431,2.5868141651153564,0.06139891967177391
432,2.5503103733062744,0.06300177425146103
433,2.5929720401763916,0.14937199652194977
434,2.704975128173828,0.11533140391111374
435,2.6158225536346436,0.17909622192382812
436,2.6309080123901367,0.19122326374053955
437,2.8445234298706055,0.07921990007162094
438,2.5956947803497314,0.06866782903671265
439,2.526444435119629,0.07647071778774261
440,2.446808338165283,0.06062563136219978
441,2.612029790878296,0.0765441358089447
442,2.5576975345611572,0.163356214761734
443,2.7431390285491943,0.12323739379644394
444,2.502889394760132,0.12338266521692276
445,2.5538413524627686,0.1971929520368576
446,2.5394179821014404,0.14410032331943512
447,2.5908079147338867,0.10149539262056351
448,2.4480955600738525,0.11189564317464828
449,2.6346163749694824,0.12368292361497879
450,2.5602915287017822,0.1633843630552292
451,2.6113133430480957,0.12475528568029404
452,2.459275960922241,0.0818185955286026
453,2.5147974491119385,0.06999329477548599
454,2.469949722290039,0.04700811579823494
455,2.628324508666992,0.04820019006729126
456,2.55285906791687,0.061218082904815674
457,2.503037214279175,0.08306020498275757
458,2.573366165161133,0.10632554441690445
459,2.6484270095825195,0.20765429735183716
460,2.570369005203247,0.18263421952724457
461,2.58150315284729,0.1445372849702835
462,2.612109661102295,0.146672785282135
463,2.721278190612793,0.12688419222831726
464,2.6867923736572266,0.124554842710495
465,2.64347243309021,0.10406661033630371
466,2.51922345161438,0.11059772968292236
467,2.57297682762146,0.11357638984918594
468,2.496447801589966,0.1601049154996872
469,2.6333205699920654,0.12677104771137238
470,2.503472089767456,0.06639037281274796
471,2.455092430114746,0.06026260927319527
472,2.3655574321746826,0.11746972054243088
473,2.462994337081909,0.1384228616952896
474,2.7243778705596924,0.221560537815094
475,2.5540974140167236,0.19445346295833588
476,2.476104259490967,0.15801627933979034
477,2.3576319217681885,0.10413026809692383
478,2.5177652835845947,0.10343510657548904
479,2.51208233833313,0.14910437166690826
480,2.5937018394470215,0.20593798160552979
481,2.598836898803711,0.06287940591573715
482,2.6121602058410645,0.12839701771736145
483,2.4856977462768555,0.07900938391685486
484,2.6088242530822754,0.14016841351985931
485,2.4376375675201416,0.09240484982728958
486,2.627146005630493,0.11411608010530472
487,2.378380298614502,0.17139281332492828
488,2.441911458969116,0.11544471234083176
489,2.393735647201538,0.13543884456157684
490,2.5053064823150635,0.09009971469640732
491,2.4406988620758057,0.09902327507734299
492,2.3894271850585938,0.14312611520290375
493,2.4730894565582275,0.10067325085401535
494,2.646784543991089,0.11738685518503189
495,2.6269495487213135,0.11437585204839706
496,2.4774556159973145,0.1569168120622635
497,2.644195795059204,0.09210038930177689
498,2.338219165802002,0.08723188191652298
499,2.6117663383483887,0.1082325354218483
500,2.4931700229644775,0.2479974776506424
501,2.666501998901367,0.23502027988433838
502,2.5705349445343018,0.11063849925994873
503,2.566706895828247,0.07676482200622559
504,2.7052676677703857,0.08054107427597046
505,2.584319829940796,0.15160517394542694
506,2.498701333999634,0.269176185131073
507,2.5856802463531494,0.13268058001995087
508,2.5382285118103027,0.06544218957424164
509,2.4858593940734863,0.05899845436215401
510,2.577033281326294,0.06031787395477295
511,2.4275662899017334,0.05371168255805969
512,2.4452927112579346,0.045219942927360535
513,2.4015204906463623,0.10125365108251572
514,2.382234573364258,0.1703803390264511
515,2.566915273666382,0.12985801696777344
516,2.499972105026245,0.23904995620250702
517,2.474029064178467,0.10453573614358902
518,2.5079843997955322,0.0943637564778328
519,2.451820135116577,0.09634055942296982
520,2.4457051753997803,0.08489784598350525
521,2.3060712814331055,0.09353309869766235
522,2.5416486263275146,0.13081763684749603
523,2.6411945819854736,0.13714154064655304
524,2.428063154220581,0.15887220203876495
525,2.2334983348846436,0.10674265772104263
526,2.52782940864563,0.08968596905469894
527,2.5273704528808594,0.09246880561113358
528,2.5542914867401123,0.08768900483846664
529,2.5255868434906006,0.05901499465107918
530,2.311188220977783,0.09115797281265259
531,2.3933169841766357,0.05452476441860199
532,2.3467094898223877,0.06173435226082802
533,2.366530179977417,0.058166805654764175
534,2.496849536895752,0.08439867943525314
535,2.4778892993927,0.1272374391555786
536,2.2898247241973877,0.16150180995464325
537,2.4605014324188232,0.1362990438938141
538,2.502967357635498,0.07505103200674057
539,2.3820738792419434,0.10742255300283432
540,2.4194796085357666,0.09637647122144699
541,2.5680572986602783,0.18412993848323822
542,2.2781734466552734,0.1755613535642624
543,2.538980722427368,0.12198256701231003
544,2.239579439163208,0.07965471595525742
545,2.5477521419525146,0.06720533967018127
546,2.312420129776001,0.06692332774400711
547,2.56181001663208,0.06663002073764801
548,2.350741147994995,0.07442565262317657
549,2.5278725624084473,0.09816911071538925
550,2.5438053607940674,0.13709832727909088
551,2.458850383758545,0.15069609880447388
552,2.364652395248413,0.09040653705596924
553,2.4263203144073486,0.07998541742563248
554,2.527360677719116,0.07080042362213135
555,2.429075002670288,0.08092235773801804
556,2.5770299434661865,0.0872749462723732
557,2.55314564704895,0.09542153030633926
558,2.609196424484253,0.08921867609024048
559,2.509326696395874,0.14269085228443146
560,2.3611323833465576,0.13647648692131042
561,2.4378137588500977,0.12910102307796478
562,2.631211519241333,0.08244258910417557
563,2.5262739658355713,0.11702907085418701
564,2.5807955265045166,0.098320372402668
565,2.5011627674102783,0.10713904350996017
566,2.601835012435913,0.18061457574367523
567,2.415348768234253,0.11071422696113586
568,2.534052848815918,0.0718177855014801
569,2.5122158527374268,0.06547387689352036
570,2.6271536350250244,0.06868744641542435
571,2.3712615966796875,0.09028872847557068
572,2.3677613735198975,0.09107189625501633
573,2.498598337173462,0.08372890204191208
574,2.308790922164917,0.08764881640672684
575,2.2884891033172607,0.1047758087515831
576,2.4205996990203857,0.08759262412786484
577,2.3767318725585938,0.1327231377363205
578,2.2741057872772217,0.15053187310695648
579,2.3908236026763916,0.11029558628797531
580,2.676555871963501,0.11258057504892349
581,2.462393045425415,0.15213871002197266
582,2.3920421600341797,0.15253718197345734
583,2.464566230773926,0.08595291525125504
584,2.4752769470214844,0.07469119876623154
585,2.431769609451294,0.11973559856414795
586,2.5420358180999756,0.20627857744693756
587,2.340245485305786,0.16506527364253998
588,2.463550567626953,0.08143772184848785
589,2.4639389514923096,0.08687138557434082
590,2.5160179138183594,0.13885730504989624
591,2.346930503845215,0.1009010374546051
592,2.4888546466827393,0.09904628247022629
593,2.4102683067321777,0.12258534878492355
594,2.337628126144409,0.15045586228370667
595,2.5382447242736816,0.12673167884349823
596,2.3510189056396484,0.1569242626428604
597,2.3342766761779785,0.19430766999721527
598,2.273207426071167,0.14016757905483246
599,2.481297254562378,0.08254595845937729
600,2.3440845012664795,0.10507436841726303
601,2.5521023273468018,0.04750629886984825
602,2.6507322788238525,0.0493231862783432
603,2.3718791007995605,0.04631757736206055
604,2.407946825027466,0.04754723235964775
605,2.4217588901519775,0.12498147040605545
606,2.5678489208221436,0.14121221005916595
607,2.273543357849121,0.3994499742984772
608,2.4104926586151123,0.09905215352773666
609,2.3954007625579834,0.05949770286679268
610,2.4925923347473145,0.050259485840797424
611,2.4900667667388916,0.04887595400214195
612,2.360764741897583,0.05027751624584198
613,2.553274631500244,0.06301047652959824
614,2.367902994155884,0.06837060302495956
615,2.3422741889953613,0.09347643703222275
616,2.601489782333374,0.08581087738275528
617,2.506395101547241,0.07815936207771301
618,2.341663360595703,0.13463586568832397
619,2.453730344772339,0.17569322884082794
620,2.2598843574523926,0.22663851082324982
621,2.327613353729248,0.25022658705711365
622,2.415877342224121,0.13885414600372314
623,2.5498318672180176,0.09703557938337326
624,2.4260802268981934,0.0809919610619545
625,2.419368267059326,0.08524835109710693
626,2.441432237625122,0.09424632042646408
627,2.50850510597229,0.13175305724143982
628,2.3363125324249268,0.14835956692695618
629,2.6550228595733643,0.10267570614814758
630,2.286170482635498,0.10201162844896317
631,2.4172606468200684,0.08905778080224991
632,2.713092803955078,0.09044346958398819
633,2.4379987716674805,0.10874861478805542
634,2.569230318069458,0.1234198734164238
635,2.316843032836914,0.11733425408601761
636,2.3005335330963135,0.10272533446550369
637,2.4117374420166016,0.09823727607727051
638,2.3986120223999023,0.11379718780517578
639,2.156996965408325,0.11037769913673401
640,2.39917254447937,0.05579480156302452
641,2.5086472034454346,0.03898681327700615
642,2.4777042865753174,0.05095560476183891
643,2.533601999282837,0.0823577269911766
644,2.2106659412384033,0.12594519555568695
645,2.3747005462646484,0.2114265412092209
646,2.5366032123565674,0.23175664246082306
647,2.5022943019866943,0.1152392029762268
648,2.6603658199310303,0.06750346720218658
649,2.445603847503662,0.061284035444259644
650,2.4839584827423096,0.08588415384292603
651,2.5714519023895264,0.08461553603410721
652,2.383974552154541,0.1110735833644867
653,2.418956995010376,0.0952061116695404
654,2.3677172660827637,0.0669136568903923
655,2.2622716426849365,0.08198940008878708
656,2.288252115249634,0.08596190065145493
657,2.1750404834747314,0.12316320091485977
658,2.3503992557525635,0.10331160575151443
659,2.267893075942993,0.20764170587062836
660,2.3309690952301025,0.06345479190349579
661,2.4919519424438477,0.06057177111506462
662,2.4392027854919434,0.08712947368621826
663,2.3424057960510254,0.2006492018699646
664,2.494281530380249,0.16757817566394806
665,2.2345945835113525,0.08516577631235123
666,2.566288948059082,0.08258172869682312
667,2.469738006591797,0.09302971512079239
668,2.3844406604766846,0.053959812968969345
669,2.5505590438842773,0.03529156371951103
670,2.422987461090088,0.07014869898557663
671,2.4339091777801514,0.06083229184150696
672,2.5315630435943604,0.06552992761135101
673,2.5794801712036133,0.04731181263923645
674,2.5253653526306152,0.07155901938676834
675,2.2124557495117188,0.08372996002435684
676,2.461005449295044,0.11187122017145157
677,2.526440143585205,0.11462376266717911
678,2.3244452476501465,0.17775845527648926
679,2.3249075412750244,0.17557752132415771
680,2.4752581119537354,0.13179810345172882
681,2.572582721710205,0.12208280712366104
682,2.5562148094177246,0.15573428571224213
683,2.4390127658843994,0.1090460792183876
684,2.287349224090576,0.09926905483007431
685,2.3797905445098877,0.0840894803404808
686,2.360663414001465,0.0997573509812355
687,2.257840871810913,0.09456530958414078
688,2.2914528846740723,0.07216057926416397
689,2.386746406555176,0.0542515367269516
690,2.4628539085388184,0.20339371263980865
691,2.7132885456085205,0.047112878412008286
692,2.3724803924560547,0.05576780438423157
693,2.36643123626709,0.09147775918245316
694,2.36067533493042,0.18839915096759796
695,2.4206767082214355,0.10229315608739853
696,2.5410025119781494,0.10667669028043747
697,2.425039768218994,0.0720936581492424
698,2.532860517501831,0.08838698267936707
699,2.3490445613861084,0.14046132564544678
700,2.484657049179077,0.09343632310628891
701,2.3541789054870605,0.10585740953683853
702,2.422799587249756,0.07593212276697159
703,2.474435806274414,0.08775971084833145
704,2.3063344955444336,0.13569924235343933
705,2.220730781555176,0.1336342841386795
706,2.3411738872528076,0.16754060983657837
707,2.435913324356079,0.12605692446231842
708,2.3533077239990234,0.09114107489585876
709,2.31992506980896,0.08850595355033875
710,2.56245493888855,0.054776787757873535
711,2.548906087875366,0.05795753002166748
712,2.4873437881469727,0.06847643852233887
713,2.3749125003814697,0.06769158691167831
714,2.4746816158294678,0.10143574327230453
715,2.386434316635132,0.12907208502292633
716,2.2241828441619873,0.07764863967895508
717,2.3949697017669678,0.1078157052397728
718,2.4136803150177,0.11363650113344193
719,2.603252649307251,0.20931376516819
720,2.4449968338012695,0.0905361995100975
721,2.343186140060425,0.19917534291744232
722,2.2826855182647705,0.06954634934663773
723,2.3088576793670654,0.11378737539052963
724,2.1879894733428955,0.1218559667468071
725,2.2581498622894287,0.1567472219467163
726,2.277228593826294,0.10159638524055481
727,2.296767234802246,0.1130252256989479
728,2.174408197402954,0.18390321731567383
729,2.3710317611694336,0.06321898847818375
730,2.362586736679077,0.04404686763882637
731,2.3410484790802,0.037624210119247437
732,2.2986087799072266,0.047109588980674744
733,2.422194242477417,0.09375176578760147
734,2.3996829986572266,0.1296236515045166
735,2.333051919937134,0.11944841593503952
736,2.3528082370758057,0.06568291038274765
737,2.4309122562408447,0.06450866162776947
738,2.5519356727600098,0.09421797841787338
739,2.361147403717041,0.06627758592367172
740,2.2774829864501953,0.09102924913167953
741,2.3634536266326904,0.09586017578840256
742,2.7347915172576904,0.06417854875326157
743,2.3807146549224854,0.07228095084428787
744,2.444674253463745,0.06275719404220581
745,2.3848140239715576,0.06955128908157349
746,2.219045877456665,0.09629594534635544
747,2.3453872203826904,0.0942370817065239
748,2.440214157104492,0.15846702456474304
749,2.3264148235321045,0.1858045905828476
750,2.189429998397827,0.1422032117843628
751,2.4056589603424072,0.13837206363677979
752,2.347095489501953,0.0695900097489357
753,2.357471227645874,0.08920454233884811
754,2.252204179763794,0.11032768338918686
755,2.2861270904541016,0.06843184679746628
756,2.2561614513397217,0.10958945006132126
757,2.4127895832061768,0.1122569665312767
758,2.31681227684021,0.10885273665189743
759,2.3506081104278564,0.12006402015686035
760,2.4330246448516846,0.10431766510009766
761,2.328965902328491,0.06364358961582184
762,2.3217289447784424,0.059973184019327164
763,2.5913000106811523,0.06407590210437775
764,2.292828321456909,0.07943982630968094
765,2.375373601913452,0.10297492891550064
766,2.3555800914764404,0.10992476344108582
767,2.360893964767456,0.10534117370843887
768,2.2349298000335693,0.10303804278373718
769,2.4833991527557373,0.08265329897403717
770,2.379584550857544,0.11919638514518738
771,2.3798577785491943,0.11646625399589539
772,2.1887528896331787,0.09885668009519577
773,2.40777850151062,0.0951971709728241
774,2.456641912460327,0.10119679570198059
775,2.3212063312530518,0.08348962664604187
776,2.3561363220214844,0.1611151248216629
777,2.471827983856201,0.1278674602508545
778,2.2129452228546143,0.08936839550733566
779,2.4046432971954346,0.04054948315024376
780,2.4021382331848145,0.05234300717711449
781,2.26908278465271,0.07147219777107239
782,2.33001971244812,0.05602268874645233
783,2.246856689453125,0.10895746946334839
784,2.418668508529663,0.10853584855794907
785,2.4571659564971924,0.0661352351307869
786,2.4619572162628174,0.05420028790831566
787,2.1624815464019775,0.06621954590082169
788,2.4611713886260986,0.07941990345716476
789,2.2869725227355957,0.08178719133138657
790,2.2479300498962402,0.1062692180275917
791,2.304485321044922,0.12190011888742447
792,2.3268415927886963,0.1325344741344452
793,2.3879895210266113,0.0891851857304573
794,2.3990328311920166,0.06961160898208618
795,2.402369976043701,0.04398331046104431
796,2.2329530715942383,0.058749716728925705
797,2.2694313526153564,0.07147917151451111
798,2.2028677463531494,0.21721439063549042
799,2.343766212463379,0.0744539126753807
800,2.3727009296417236,0.11494503170251846
801,2.5424115657806396,0.1501224935054779
802,2.6705424785614014,0.08812616020441055
803,2.159858226776123,0.11216467618942261
804,2.1858701705932617,0.06747069954872131
805,2.4387030601501465,0.07086922973394394
806,2.2860124111175537,0.06456825882196426
807,2.2840511798858643,0.052534859627485275
808,2.294273614883423,0.06782854348421097
809,2.2946999073028564,0.06852401047945023
810,2.3623733520507812,0.0618770457804203
811,2.312559127807617,0.0686747208237648
812,2.5738861560821533,0.04642798379063606
813,2.3212838172912598,0.05412827804684639
814,2.3565833568573,0.08195660263299942
815,2.1109812259674072,0.041926637291908264
816,2.191664695739746,0.0490129254758358
817,2.220632314682007,0.05981270968914032
818,2.326634168624878,0.07697506248950958
819,2.1622416973114014,0.07692985981702805
820,2.1985557079315186,0.1823270171880722
821,2.20363187789917,0.14403727650642395
822,2.4772801399230957,0.07630091160535812
823,2.409778118133545,0.07350897789001465
824,2.427941083908081,0.1340111643075943
825,2.3606326580047607,0.06643492728471756
826,2.277884006500244,0.08658430725336075
827,2.1211016178131104,0.1377778947353363
828,2.326992988586426,0.08361602574586868
829,2.3220691680908203,0.059373944997787476
830,2.578590154647827,0.06957323104143143
831,2.3392908573150635,0.060467422008514404
832,2.4155375957489014,0.05621461197733879
833,2.398550510406494,0.06819982081651688
834,2.334097385406494,0.0755201205611229
835,2.3241331577301025,0.09266269207000732
836,2.3689162731170654,0.0805099681019783
837,2.337589979171753,0.2746022045612335
838,2.243040084838867,0.07250247895717621
839,2.283315658569336,0.07071320712566376
840,2.317678689956665,0.08391530066728592
841,2.299375057220459,0.06427422910928726
842,2.262200117111206,0.0691065788269043
843,2.340747833251953,0.07351108640432358
844,2.3573479652404785,0.08527711033821106
845,2.30526065826416,0.10844466090202332
846,2.235264301300049,0.17771537601947784
847,2.509629487991333,0.08550531417131424
848,2.4215216636657715,0.07463515549898148
849,2.328010320663452,0.05008821189403534
850,2.3874428272247314,0.058168258517980576
851,2.2627463340759277,0.05794650316238403
852,2.3763391971588135,0.054290901869535446
853,2.2626118659973145,0.08827336877584457
854,2.3764302730560303,0.14807501435279846
855,2.3659253120422363,0.108240507543087
856,2.1590559482574463,0.07769190520048141
857,2.352771520614624,0.04537738487124443
858,2.2149715423583984,0.034519728273153305
859,2.407060384750366,0.04115685448050499
860,2.2298858165740967,0.05500856041908264
861,2.2850308418273926,0.08592555671930313
862,2.22953724861145,0.08937454223632812
863,2.272645950317383,0.08187088370323181
864,2.2537786960601807,0.1051328256726265
865,2.270597219467163,0.16562044620513916
866,2.377007007598877,0.2034677118062973
867,2.1135356426239014,0.08452420681715012
868,2.3668172359466553,0.07698803395032883
869,2.1170284748077393,0.052080389112234116
870,2.3527944087982178,0.08671480417251587
871,2.2874796390533447,0.08246177434921265
872,2.311932325363159,0.06300272047519684
873,2.4776127338409424,0.05095984414219856
874,2.2881369590759277,0.08273995667695999
875,2.3378961086273193,0.06424778699874878
876,2.226958990097046,0.0704217478632927
877,2.169081926345825,0.12859052419662476
878,2.223679304122925,0.07970202714204788
879,2.206691026687622,0.10250124335289001
880,2.2284767627716064,0.11472897976636887
881,2.3862252235412598,0.04848208650946617
882,2.2305524349212646,0.04669226333498955
883,2.2195303440093994,0.04412234202027321
884,2.161832332611084,0.02893422730267048
885,2.425050735473633,0.04085500165820122
886,2.1551849842071533,0.0722341313958168
887,2.200448513031006,0.09971938282251358
888,2.157735586166382,0.09201117604970932
889,2.2768499851226807,0.07935508340597153
890,2.3327786922454834,0.06773117929697037
891,2.3544061183929443,0.06440173834562302
892,2.2827045917510986,0.076090008020401
893,2.380913734436035,0.12753961980342865
894,2.5687661170959473,0.14781948924064636
895,2.0922815799713135,0.11698230355978012
896,2.380117654800415,0.08189123868942261
897,2.3399155139923096,0.06083512306213379
898,2.252641439437866,0.07421290129423141
899,2.3180813789367676,0.06997591257095337
900,2.14652681350708,0.07202369719743729
901,2.381518602371216,0.08413133770227432
902,2.337965965270996,0.11829331517219543
903,2.294080972671509,0.13105130195617676
904,2.2302753925323486,0.10446727275848389
905,2.2591514587402344,0.12005863338708878
906,2.1738412380218506,0.10687326639890671
907,2.211294412612915,0.05740581080317497
908,2.314725160598755,0.05403660610318184
909,2.2127315998077393,0.04307006672024727
910,2.236689805984497,0.047590747475624084
911,2.172071695327759,0.04388607665896416
912,2.492277145385742,0.05360710248351097
913,2.432297468185425,0.0587439090013504
914,2.328160047531128,0.08057355135679245
915,2.450714588165283,0.06106187030673027
916,2.1376874446868896,0.05858614668250084
917,2.1788675785064697,0.10911455750465393
918,2.1078755855560303,0.059889063239097595
919,2.126366376876831,0.060900937765836716
920,2.3629279136657715,0.06926580518484116
921,2.2608020305633545,0.07430300861597061
922,2.232374668121338,0.06888014823198318
923,2.2104387283325195,0.07728872448205948
924,2.3227438926696777,0.09058288484811783
925,2.2470312118530273,0.15806488692760468
926,2.313159942626953,0.08416207879781723
927,2.2283272743225098,0.0574134886264801
928,2.285005807876587,0.051600564271211624
929,2.2884559631347656,0.04877491295337677
930,2.1857962608337402,0.06693793833255768
931,2.2610509395599365,0.08248750865459442
932,2.0940849781036377,0.059852857142686844
933,2.432108163833618,0.05820152536034584
934,2.0957820415496826,0.06766002625226974
935,2.431097984313965,0.07653254270553589
936,2.156609296798706,0.08476302027702332
937,2.1640639305114746,0.05523780360817909
938,2.1067135334014893,0.052313197404146194
939,2.2101099491119385,0.053903788328170776
940,2.255607843399048,0.07902833074331284
941,2.521338701248169,0.16237924993038177
942,2.1232264041900635,0.07700550556182861
943,2.569722890853882,0.09164300560951233
944,2.1394712924957275,0.04899820685386658
945,2.177807092666626,0.08751940727233887
946,2.248878240585327,0.06963558495044708
947,2.4106338024139404,0.052440445870161057
948,2.1254384517669678,0.08002521097660065
949,2.1696298122406006,0.05481010675430298
950,2.4153053760528564,0.035785116255283356
951,2.2716727256774902,0.046525176614522934
952,2.239992141723633,0.03756105527281761
953,2.2257485389709473,0.04630579426884651
954,2.0607755184173584,0.05525246262550354
955,2.3817803859710693,0.15101875364780426
956,2.312037706375122,0.08540029078722
957,2.132138967514038,0.08570191264152527
958,2.2766921520233154,0.07774294167757034
959,2.3559670448303223,0.05548396334052086
960,2.37924861907959,0.045594472438097
961,2.246783971786499,0.04489227756857872
962,2.4667623043060303,0.028950320556759834
963,2.19889235496521,0.048103999346494675
964,2.2516708374023438,0.05532033368945122
965,2.280216932296753,0.04510681331157684
966,2.169588088989258,0.0491609126329422
967,2.125094175338745,0.06811586767435074
968,2.3671658039093018,0.051342207938432693
969,2.124443769454956,0.06449680775403976
970,2.176730155944824,0.08098167926073074
971,2.170186758041382,0.05604591593146324
972,2.285675287246704,0.054354965686798096
973,2.329430341720581,0.09181571751832962
974,2.1516685485839844,0.052179742604494095
975,2.285046339035034,0.0874910056591034
976,2.037611722946167,0.06726357340812683
977,2.3682823181152344,0.07245727628469467
978,2.317950963973999,0.07496948540210724
979,2.121006727218628,0.06863667815923691
980,2.3787124156951904,0.08029989898204803
981,2.2603578567504883,0.06998728215694427
982,2.21580171585083,0.09200108796358109
983,2.10412335395813,0.10571661591529846
984,1.943066954612732,0.11070574074983597
985,2.2390313148498535,0.08148688077926636
986,2.275846242904663,0.06059320271015167
987,2.369706869125366,0.05403001606464386
988,2.297492742538452,0.04725444316864014
989,2.305722951889038,0.04983404278755188
990,2.2264626026153564,0.053055595606565475
991,2.3234283924102783,0.04936140403151512
992,2.1710762977600098,0.055348724126815796
993,2.202228546142578,0.041642073541879654
994,2.183164119720459,0.05904366448521614
995,2.2035841941833496,0.06271274387836456
996,2.5322744846343994,0.057920727878808975
997,2.2797882556915283,0.046879664063453674
998,2.1488449573516846,0.0862685814499855
999,2.216888904571533,0.0464775450527668
1000,2.1876630783081055,0.0831700935959816
1001,2.2195186614990234,0.0504533052444458
1002,2.218003273010254,0.04229677841067314
1003,2.3011038303375244,0.0439145527780056
1004,2.321432113647461,0.03743370994925499
1005,2.508861780166626,0.043613314628601074
1006,2.2771613597869873,0.048167888075113297
1007,2.3810393810272217,0.09442118555307388
1008,2.360377550125122,0.07890857011079788
1009,2.2496488094329834,0.11372040957212448
1010,2.2017931938171387,0.11377697438001633
1011,2.2363383769989014,0.286783367395401
1012,2.2230308055877686,0.0702536478638649
1013,2.052342414855957,0.057179540395736694
1014,2.3084213733673096,0.0484493188560009
1015,2.3497540950775146,0.0420992411673069
1016,2.233731508255005,0.04696519672870636
1017,2.1786046028137207,0.0361546166241169
1018,2.479213237762451,0.05252835527062416
1019,2.2942278385162354,0.04367334768176079
1020,2.1802279949188232,0.04550521448254585
1021,2.327294111251831,0.07563654333353043
1022,2.2777745723724365,0.07456552237272263
1023,2.2790212631225586,0.10263671725988388
1024,2.214876174926758,0.05451567471027374
1025,2.28279185295105,0.05087955668568611
1026,1.999471664428711,0.04944941774010658
1027,2.1603949069976807,0.0476900152862072
1028,2.126699686050415,0.04896560311317444
1029,2.2536070346832275,0.05890604481101036
1030,2.262845754623413,0.07799901813268661
1031,2.2318482398986816,0.055245548486709595
1032,2.4747862815856934,0.05118434131145477
1033,2.061012029647827,0.038509588688611984
1034,2.287195920944214,0.052578214555978775
1035,2.2260196208953857,0.03607303276658058
1036,2.204554319381714,0.04345877841114998
1037,2.2564754486083984,0.05255599319934845
1038,2.174985408782959,0.05438859388232231
1039,2.25057053565979,0.06287479400634766
1040,2.2588205337524414,0.07623618841171265
1041,2.0406501293182373,0.08404167741537094
1042,2.3111612796783447,0.055421214550733566
1043,2.276765823364258,0.062199994921684265
1044,2.1515982151031494,0.046279918402433395
1045,2.215261697769165,0.06656280159950256
1046,2.165057897567749,0.06008698046207428
1047,2.2580952644348145,0.08160807937383652
1048,2.3211071491241455,0.13789665699005127
1049,2.240119457244873,0.08693014830350876
1050,2.1448936462402344,0.09497541934251785
1051,2.2353618144989014,0.05084856227040291
1052,2.203641176223755,0.05571606382727623
1053,2.185642957687378,0.04688325896859169
1054,2.4236128330230713,0.029476532712578773
1055,2.1570396423339844,0.03669138252735138
1056,2.1941111087799072,0.03216911852359772
1057,2.440563440322876,0.03810266777873039
1058,2.188754081726074,0.03595760837197304
1059,2.4313580989837646,0.05302092805504799
1060,2.2767302989959717,0.04375043138861656
1061,2.175262212753296,0.09612387418746948
1062,2.3141942024230957,0.18097122013568878
1063,2.190946578979492,0.13229073584079742
1064,2.275676965713501,0.1072826012969017
1065,2.102099657058716,0.06823418289422989
1066,2.158595323562622,0.04583671689033508
1067,2.122335433959961,0.05417947843670845
1068,2.5031747817993164,0.0422816276550293
1069,2.4220011234283447,0.045004282146692276
1070,2.2049691677093506,0.038343630731105804
1071,2.2843682765960693,0.08077111095190048
1072,2.200507879257202,0.07866200059652328
1073,2.0404117107391357,0.11055159568786621
1074,2.1008026599884033,0.05547672137618065
1075,2.291208028793335,0.05162018537521362
1076,2.2177371978759766,0.04822671413421631
1077,2.0695879459381104,0.06344174593687057
1078,2.410015106201172,0.04591693356633186
1079,2.090056896209717,0.047746822237968445
1080,2.1025359630584717,0.039568979293107986
1081,2.2716500759124756,0.053657595068216324
1082,2.1520779132843018,0.047233033925294876
1083,2.3944051265716553,0.03575689718127251
1084,2.0291740894317627,0.04170171916484833
1085,2.11849045753479,0.08087781071662903
1086,2.101646661758423,0.09003100544214249
1087,1.9899083375930786,0.08470117300748825
1088,2.195789337158203,0.06790164858102798
1089,2.3103010654449463,0.05780673027038574
1090,2.1914756298065186,0.04113459959626198
1091,2.2649707794189453,0.04598541185259819
1092,2.3416244983673096,0.0423433892428875
1093,2.3539185523986816,0.04810995236039162
1094,2.136127233505249,0.06601815670728683
1095,2.273634195327759,0.04362153634428978
1096,2.1872737407684326,0.08410662412643433
1097,2.045900583267212,0.1027485728263855
1098,2.055842399597168,0.045589882880449295
1099,2.260982036590576,0.03639543056488037
1100,2.1650750637054443,0.04565936326980591
1101,2.146341562271118,0.0471833199262619
1102,2.1776936054229736,0.06493810564279556
1103,2.1854751110076904,0.053729936480522156
1104,2.169464111328125,0.06593435257673264
1105,2.0060694217681885,0.0709708109498024
1106,2.1546406745910645,0.07158249616622925
1107,2.2540042400360107,0.0583748035132885
1108,2.150148391723633,0.05341837927699089
1109,2.118011713027954,0.03890001401305199
1110,2.276627540588379,0.046546801924705505
1111,2.1062681674957275,0.03963974863290787
1112,2.366140127182007,0.0370352566242218
1113,1.951181411743164,0.039174411445856094
1114,2.516056776046753,0.047891974449157715
1115,2.203350305557251,0.04385031759738922
1116,2.1388885974884033,0.05017708241939545
1117,2.1870758533477783,0.04190923273563385
1118,2.2324748039245605,0.11498549580574036
1119,2.2170135974884033,0.1071864441037178
1120,2.2340457439422607,0.0942406877875328
1121,2.2058842182159424,0.08948197960853577
1122,2.0940093994140625,0.07294482737779617
1123,2.230846881866455,0.04391762986779213
1124,2.121704578399658,0.042967651039361954
1125,2.1085760593414307,0.0307318102568388
1126,2.3285648822784424,0.035301756113767624
1127,2.213130474090576,0.04249124228954315
1128,2.147876501083374,0.040754374116659164
1129,2.35553240776062,0.0349242277443409
1130,2.390718698501587,0.040438082069158554
1131,2.1553988456726074,0.058993782848119736
1132,2.2372491359710693,0.03894354775547981
1133,1.9536491632461548,0.04714323952794075
1134,2.1644275188446045,0.05326772853732109
1135,2.1230170726776123,0.035459037870168686
1136,2.2558786869049072,0.04214426502585411
1137,2.1898534297943115,0.03866799548268318
1138,2.16843581199646,0.0512646920979023
1139,2.1648261547088623,0.05101150646805763
1140,2.322432279586792,0.04367206618189812
1141,2.0644657611846924,0.0672992691397667
1142,2.0493245124816895,0.05875232443213463
1143,2.051537275314331,0.07501664012670517
1144,2.161811590194702,0.060373704880476
1145,2.1840713024139404,0.0831432119011879
1146,2.233257532119751,0.05057470500469208
1147,2.2522225379943848,0.059126514941453934
1148,2.4261839389801025,0.4320032298564911
1149,2.2635927200317383,0.04022231325507164
1150,2.2144434452056885,0.030492126941680908
1151,2.1217031478881836,0.025490080937743187
1152,2.264601230621338,0.03407751023769379
1153,2.2216556072235107,0.029692767187952995
1154,2.371709108352661,0.027248749509453773
1155,2.2306206226348877,0.029312605038285255
1156,2.234177350997925,0.02979183942079544
1157,2.2391021251678467,0.04284263029694557
1158,2.0645978450775146,0.041879940778017044
1159,2.205340623855591,0.0568862110376358
1160,2.1809005737304688,0.029248060658574104
1161,2.2401323318481445,0.0416230671107769
1162,2.291142702102661,0.037332165986299515
1163,2.0412003993988037,0.05299310013651848
1164,2.271615743637085,0.03580369055271149
1165,2.1949880123138428,0.03707236424088478
1166,2.2122647762298584,0.03975634649395943
1167,2.1138393878936768,0.04950940981507301
1168,2.1606481075286865,0.033715784549713135
1169,2.304138422012329,0.0407802052795887
1170,2.274977207183838,0.034931574016809464
1171,2.0061378479003906,0.033229392021894455
1172,2.204291820526123,0.05099916085600853
1173,2.3952534198760986,0.04070780798792839
1174,2.38905668258667,0.04543465003371239
1175,2.250136137008667,0.06304828077554703
1176,2.2409002780914307,0.04785952344536781
1177,2.168246030807495,0.08594578504562378
1178,2.25712251663208,0.07356523722410202
1179,2.3211348056793213,0.06480123102664948
1180,2.199481964111328,0.042423952370882034
1181,2.2346150875091553,0.04721060395240784
1182,2.172616481781006,0.03538066893815994
1183,2.0757687091827393,0.03600841760635376
1184,2.1772172451019287,0.033195096999406815
1185,2.1626553535461426,0.04623915255069733
1186,2.185088634490967,0.034810472279787064
1187,2.3787896633148193,0.057545896619558334
1188,1.8839129209518433,0.05055772885680199
1189,2.371091604232788,0.046138834208250046
1190,2.165400266647339,0.03749644383788109
1191,2.1542065143585205,0.036520712077617645
1192,2.2347044944763184,0.04060855880379677
1193,2.1125643253326416,0.03354676440358162
1194,2.1644132137298584,0.05292537808418274
1195,1.9859156608581543,0.03876277431845665
1196,2.1730973720550537,0.05544440448284149
1197,2.0921337604522705,0.07540784031152725
1198,2.166851282119751,0.057937949895858765
1199,1.8673497438430786,0.08472871035337448
1200,2.229645013809204,0.06551656126976013
1201,2.281714677810669,0.059605855494737625
1202,2.0611813068389893,0.06363306194543839
1203,2.1658568382263184,0.04300837591290474
1204,2.2947940826416016,0.03260587528347969
1205,2.212054491043091,0.030954008921980858
1206,2.387199878692627,0.029716698452830315
1207,1.9713009595870972,0.030508926138281822
1208,2.356672763824463,0.02964434213936329
1209,2.0473544597625732,0.02745809592306614
1210,2.141667604446411,0.03803723305463791
1211,2.2911038398742676,0.0483110249042511
1212,2.1336629390716553,0.04533278942108154
1213,2.071589946746826,0.033088281750679016
1214,2.0539984703063965,0.04277418553829193
1215,2.14945387840271,0.04856644198298454
1216,2.1618947982788086,0.04897874593734741
1217,2.164504051208496,0.0442248098552227
1218,2.107314348220825,0.04384155943989754
1219,2.0048656463623047,0.045950982719659805
1220,2.2924110889434814,0.037222299724817276
1221,2.1630282402038574,0.03844606876373291
1222,2.2832722663879395,0.026571234688162804
1223,2.195849657058716,0.03618897497653961
1224,2.1743249893188477,0.020868100225925446
1225,2.163980007171631,0.03281744197010994
1226,2.2136542797088623,0.04182244464755058
1227,2.225905656814575,0.03616916388273239
1228,2.225787878036499,0.06049269437789917
1229,1.8083680868148804,0.045338381081819534
1230,2.1996896266937256,0.04612881317734718
1231,2.006610870361328,0.03818755969405174
1232,2.159921407699585,0.045306429266929626
1233,2.134399175643921,0.03649276867508888
1234,2.369396448135376,0.02902013063430786
1235,2.3255832195281982,0.05023875832557678
1236,2.0048696994781494,0.03290780261158943
1237,2.2766149044036865,0.04408052936196327
1238,2.0574240684509277,0.02526342310011387
1239,2.222066879272461,0.03874969854950905
1240,2.251371145248413,0.0772179588675499
1241,2.109758138656616,0.06835640221834183
1242,2.204573154449463,0.039560262113809586
1243,2.154409646987915,0.05426609888672829
1244,2.07383131980896,0.06512249261140823
1245,2.32804799079895,0.03451859951019287
1246,2.247351884841919,0.0299235712736845
1247,2.1176183223724365,0.06063306704163551
1248,2.212137222290039,0.053761038929224014
1249,2.162275552749634,0.056165244430303574
1250,2.3213136196136475,0.043051425367593765
1251,2.1920645236968994,0.06329389661550522
1252,2.2585785388946533,0.057006027549505234
1253,2.025881767272949,0.040864985436201096
1254,1.9669427871704102,0.05128617584705353
1255,2.026160717010498,0.0375555045902729
1256,2.2179906368255615,0.04184596240520477
1257,2.1966898441314697,0.031938109546899796
1258,2.1192965507507324,0.05128389596939087
1259,2.072321653366089,0.04221339151263237
1260,2.0341756343841553,0.027733219787478447
1261,2.1178176403045654,0.024971978738904
1262,2.1691784858703613,0.036696579307317734
1263,1.9475798606872559,0.02989303506910801
1264,2.2819888591766357,0.030331050977110863
1265,2.039903402328491,0.028014732524752617
1266,2.214019775390625,0.034210268408060074
1267,1.9881953001022339,0.024901388213038445
1268,2.1884162425994873,0.04045567661523819
1269,2.1512744426727295,0.04277057573199272
1270,2.1856393814086914,0.02602802962064743
1271,2.181488513946533,0.043873369693756104
1272,2.187006950378418,0.029395615682005882
1273,2.190816640853882,0.03133504465222359
1274,2.1180927753448486,0.026423389092087746
1275,2.090848684310913,0.030660239979624748
1276,2.4689624309539795,0.028419077396392822
1277,2.186767339706421,0.031608473509550095
1278,1.9428876638412476,0.02780097723007202
1279,2.221409559249878,0.05044512078166008
1280,2.1444687843322754,0.07150403410196304
1281,2.2832210063934326,0.054795876145362854
1282,2.02573561668396,0.07189755886793137
1283,2.106765031814575,0.0764540359377861
1284,2.156728744506836,0.04518524184823036
1285,2.108494997024536,0.06934047490358353
1286,2.203792095184326,0.047955457121133804
1287,2.320099353790283,0.040777456015348434
1288,2.0270988941192627,0.026888512074947357
1289,2.195432424545288,0.02505120448768139
1290,2.249483585357666,0.021645888686180115
1291,2.2262089252471924,0.029398450627923012
1292,2.2079076766967773,0.022241679951548576
1293,2.0531651973724365,0.02277989871799946
1294,2.1553170680999756,0.04404951259493828
1295,2.127699136734009,0.05279606953263283
1296,2.0975420475006104,0.029031535610556602
1297,2.1132757663726807,0.032141830772161484
1298,2.1625187397003174,0.02556574158370495
1299,2.041771173477173,0.03433821722865105
1300,2.1552822589874268,0.03687397018074989
1301,2.153749942779541,0.028639277443289757
1302,2.147958993911743,0.03159651532769203
1303,1.9441266059875488,0.018183616921305656
1304,2.1380691528320312,0.02690582163631916
1305,2.065234422683716,0.02295100688934326
1306,2.1604349613189697,0.022647695615887642
1307,1.9115206003189087,0.023942679166793823
1308,2.058546543121338,0.031176531687378883
1309,2.1325573921203613,0.04911131039261818
1310,2.0492868423461914,0.04130733385682106
1311,2.050363302230835,0.03978971764445305
1312,2.304094076156616,0.034258048981428146
1313,2.2200233936309814,0.0334363728761673
1314,2.136983871459961,0.04074705019593239
1315,2.1454596519470215,0.03157079964876175
1316,2.019312858581543,0.03183268383145332
1317,1.938096523284912,0.027243977412581444
1318,2.0823395252227783,0.038941655308008194
1319,2.2197012901306152,0.03564206883311272
1320,2.087059259414673,0.05826720967888832
1321,2.1140296459198,0.04717446491122246
1322,2.2634899616241455,0.046802159398794174
1323,2.0143773555755615,0.06003864109516144
1324,2.117886781692505,0.04461635276675224
1325,1.9550657272338867,0.04680358245968819
1326,2.0728538036346436,0.054615914821624756
1327,2.214052438735962,0.03103119134902954
1328,2.1553595066070557,0.04122927039861679
1329,2.058596611022949,0.03145419806241989
1330,2.0618770122528076,0.027871401980519295
1331,2.1008903980255127,0.026962416246533394
1332,2.130797863006592,0.02691241167485714
1333,2.2171707153320312,0.019290518015623093
1334,2.1472063064575195,0.026756756007671356
1335,2.1144144535064697,0.0205379668623209
1336,2.077336549758911,0.026738524436950684
1337,2.1710517406463623,0.02861754782497883
1338,2.151146173477173,0.037488553673028946
1339,2.1506383419036865,0.03511260077357292
1340,1.9625693559646606,0.029688924551010132
1341,2.41023850440979,0.02736859768629074
1342,2.4045441150665283,0.040897052735090256
1343,2.239917039871216,0.0385553352534771
1344,2.2670397758483887,0.030604707077145576
1345,2.253608465194702,0.03611883521080017
1346,2.1077492237091064,0.040243860334157944
1347,2.158172130584717,0.02916671894490719
1348,2.0116937160491943,0.037970345467329025
1349,2.238340377807617,0.04393898323178291
1350,2.0900073051452637,0.033045556396245956
1351,2.04388165473938,0.03323334455490112
1352,2.0759661197662354,0.05807331204414368
1353,2.128012180328369,0.048784490674734116
1354,2.088261365890503,0.05101267620921135
1355,2.1855123043060303,0.052976176142692566
1356,2.29522705078125,0.0382724292576313
1357,2.1354715824127197,0.028778664767742157
1358,2.129690170288086,0.026537083089351654
1359,2.1661088466644287,0.023633843287825584
1360,2.337087631225586,0.024629773572087288
1361,2.1106996536254883,0.021588630974292755
1362,2.1610684394836426,0.022783709689974785
1363,2.1479930877685547,0.024494240060448647
1364,2.1301255226135254,0.025935692712664604
1365,2.1820404529571533,0.03505237400531769
1366,1.9024714231491089,0.022079460322856903
1367,2.137885570526123,0.03424319624900818
1368,2.1905295848846436,0.04723813757300377
1369,2.19594144821167,0.026081765070557594
1370,2.208699941635132,0.02385311760008335
1371,2.0329809188842773,0.03834351524710655
1372,2.2229113578796387,0.019317414611577988
1373,2.06438946723938,0.02028259076178074
1374,2.2293689250946045,0.027503477409482002
1375,2.031553030014038,0.028977563604712486
1376,1.8872575759887695,0.02368013747036457
1377,2.2126309871673584,0.024987034499645233
1378,2.2631688117980957,0.02112489938735962
1379,2.1556735038757324,0.03159637749195099
1380,2.1795432567596436,0.020497886463999748
1381,2.1154088973999023,0.026338202878832817
1382,2.134524345397949,0.03437523916363716
1383,1.8992282152175903,0.0310671404004097
1384,2.0949487686157227,0.04856255277991295
1385,1.8738259077072144,0.030707761645317078
1386,2.2255401611328125,0.034733135253190994
1387,2.0823686122894287,0.03844284638762474
1388,2.1572563648223877,0.027780532836914062
1389,2.2413294315338135,0.025248834863305092
1390,2.0794475078582764,0.027180040255188942
1391,2.2184019088745117,0.026446817442774773
1392,2.115213632583618,0.02209743671119213
1393,1.9486230611801147,0.023755811154842377
1394,2.174171209335327,0.019171735271811485
1395,1.9816991090774536,0.020259873941540718
1396,2.210195302963257,0.027134718373417854
1397,2.1919987201690674,0.03025847114622593
1398,2.0641984939575195,0.031004345044493675
1399,2.298715353012085,0.027115335687994957
1400,2.074925184249878,0.030436737462878227
1401,2.1142475605010986,0.023224294185638428
1402,2.001920700073242,0.02484523504972458
1403,2.102546453475952,0.03384488821029663
1404,2.2793161869049072,0.0331491194665432
1405,2.1407582759857178,0.03189266845583916
1406,1.9665597677230835,0.026634737849235535
1407,2.1661458015441895,0.037654995918273926
1408,2.1360924243927,0.030184978619217873
1409,2.194932222366333,0.03152252361178398
1410,2.1381824016571045,0.035514820367097855
1411,2.1811468601226807,0.04378698393702507
1412,2.0803139209747314,0.03532092645764351
1413,2.0686440467834473,0.03825356811285019
1414,2.1269564628601074,0.036912836134433746
1415,2.0462071895599365,0.03379818797111511
1416,2.2661736011505127,0.03907022997736931
1417,2.0469744205474854,0.03748774901032448
1418,2.185689926147461,0.030078934505581856
1419,2.1450979709625244,0.024103181436657906
1420,2.2085893154144287,0.020981842651963234
1421,2.0656254291534424,0.025623822584748268
1422,2.314673900604248,0.02374909073114395
1423,1.9836268424987793,0.024779928848147392
1424,2.052199125289917,0.020807618275284767
1425,2.0773377418518066,0.02036692015826702
1426,1.9735585451126099,0.029309650883078575
1427,2.1153106689453125,0.024957170709967613
1428,2.140509843826294,0.0333193875849247
1429,2.009218454360962,0.022032471373677254
1430,2.041684865951538,0.022254832088947296
1431,2.2048733234405518,0.03438599035143852
1432,2.1987106800079346,0.032359663397073746
1433,2.1584558486938477,0.01973714865744114
1434,2.0540876388549805,0.022206710651516914
1435,1.8904752731323242,0.02957027219235897
1436,2.0186269283294678,0.027948448434472084
1437,2.0166332721710205,0.023010624572634697
1438,2.1688990592956543,0.03179094195365906
1439,2.0856595039367676,0.030453093349933624
1440,2.011334180831909,0.03490486368536949
1441,2.1966845989227295,0.03170420974493027
1442,1.7237423658370972,0.019424322992563248
1443,1.7451776266098022,0.02889828570187092
1444,1.8781671524047852,0.029042551293969154
1445,1.9944872856140137,0.029966628178954124
1446,2.0706002712249756,0.031019531190395355
1447,2.154428005218506,0.021447211503982544
1448,2.1998345851898193,0.02148839645087719
1449,2.1777491569519043,0.026715075597167015
1450,2.2569265365600586,0.02914184331893921
1451,2.0780045986175537,0.029595891013741493
1452,2.1657450199127197,0.026918942108750343
1453,2.001828908920288,0.029322057962417603
1454,2.077644109725952,0.04304683580994606
1455,2.081132173538208,0.026661096140742302
1456,2.181241750717163,0.028504081070423126
1457,1.8956154584884644,0.0176564808934927
1458,2.2072627544403076,0.032461900264024734
1459,2.2194936275482178,0.022276991978287697
1460,2.1007211208343506,0.029894530773162842
1461,2.160888195037842,0.020104583352804184
1462,2.1704070568084717,0.027523929253220558
1463,2.1965582370758057,0.021574079990386963
1464,2.0096027851104736,0.020145995542407036
1465,2.0565736293792725,0.021416157484054565
1466,2.1286091804504395,0.06081441044807434
1467,2.2234716415405273,0.03215816244482994
1468,1.9648290872573853,0.027778642252087593
1469,1.8716591596603394,0.023666247725486755
1470,2.321385622024536,0.021303126588463783
1471,2.2577760219573975,0.029743127524852753
1472,1.9547176361083984,0.037167273461818695
1473,2.1343672275543213,0.026076363399624825
1474,2.0187008380889893,0.02661486156284809
1475,2.030205488204956,0.026474162936210632
1476,2.216223955154419,0.0230401661247015
1477,2.0932576656341553,0.020659195259213448
1478,2.2120604515075684,0.0263000950217247
1479,2.3082363605499268,0.033992912620306015
1480,2.020263433456421,0.021418562158942223
1481,2.318697690963745,0.02386009879410267
1482,2.09848952293396,0.0178205668926239
1483,2.0647404193878174,0.022399282082915306
1484,2.0463173389434814,0.023225078359246254
1485,1.9935359954833984,0.019824480637907982
1486,2.0608713626861572,0.02447286807000637
1487,1.9495396614074707,0.021871356293559074
1488,2.1209919452667236,0.021245082840323448
1489,2.0388600826263428,0.028300194069743156
1490,2.04258131980896,0.028580032289028168
1491,2.041097640991211,0.017976660281419754
1492,1.977213740348816,0.025536274537444115
1493,2.001330852508545,0.03299631550908089
1494,2.3140273094177246,0.03560004010796547
1495,2.005237102508545,0.029194483533501625
1496,2.119436502456665,0.027329325675964355
1497,2.202472448348999,0.03344700112938881
1498,2.3080766201019287,0.03351234272122383
1499,2.1501591205596924,0.02496674843132496
1500,2.1879947185516357,0.0475105382502079
1501,2.0959901809692383,0.021424241364002228
1502,2.1305744647979736,0.022748148068785667
1503,2.04649019241333,0.03214270994067192
1504,2.1489145755767822,0.03399961441755295
1505,2.054802179336548,0.025107527151703835
1506,1.8872917890548706,0.017400845885276794
1507,2.0377094745635986,0.014264401979744434
1508,2.06343150138855,0.019404498860239983
1509,1.8663111925125122,0.019562983885407448
1510,2.0048928260803223,0.024121368303894997
1511,1.897520661354065,0.018858013674616814
1512,2.091888904571533,0.015409745275974274
1513,2.170166492462158,0.02023143880069256
1514,1.9013293981552124,0.017239900305867195
1515,1.9567489624023438,0.02559678815305233
1516,1.9893251657485962,0.0275826845318079
1517,1.966661810874939,0.02331211231648922
1518,2.043423652648926,0.025345228612422943
1519,2.1861443519592285,0.015473653562366962
1520,2.0142877101898193,0.028727898374199867
1521,2.0225539207458496,0.020656878128647804
1522,1.978891372680664,0.022749491035938263
1523,1.9578224420547485,0.02189001254737377
1524,2.290160655975342,0.026006080210208893
1525,2.042505979537964,0.0244436115026474
1526,1.9680458307266235,0.02176111936569214
1527,2.1190874576568604,0.023962048813700676
1528,2.1412322521209717,0.019216002896428108
1529,2.196031332015991,0.024170277640223503
1530,2.1565628051757812,0.02777767926454544
1531,1.8568452596664429,0.020030217245221138
1532,2.190063714981079,0.017759554088115692
1533,1.85370671749115,0.012258432805538177
1534,1.9206637144088745,0.016619594767689705
1535,2.0884897708892822,0.02074442245066166
1536,2.0919129848480225,0.016232257708907127
1537,2.272432804107666,0.01789681613445282
1538,2.071500062942505,0.019001835957169533
1539,2.228728771209717,0.01973007619380951
1540,2.2557058334350586,0.020009828731417656
1541,2.0972111225128174,0.023054122924804688
1542,1.967495322227478,0.022288693115115166
1543,2.1400558948516846,0.02358253300189972
1544,1.9254578351974487,0.02303825318813324
1545,2.188737154006958,0.022592818364501
1546,2.10294246673584,0.025977397337555885
1547,2.0157530307769775,0.01986825093626976
1548,2.0000317096710205,0.025466494262218475
1549,1.9354299306869507,0.03026263415813446
1550,1.9303436279296875,0.020059913396835327
1551,2.2135374546051025,0.02767760306596756
1552,1.9712672233581543,0.02803012914955616
1553,1.936649203300476,0.01984770968556404
1554,2.089099645614624,0.016323072835803032
1555,2.434678316116333,0.015145935118198395
1556,1.9987014532089233,0.019568929448723793
1557,2.056121587753296,0.019855886697769165
1558,2.1335270404815674,0.020963570103049278
1559,2.0126430988311768,0.020262479782104492
1560,2.1392548084259033,0.016683513298630714
1561,2.0570876598358154,0.018561439588665962
1562,2.0889618396759033,0.020346229895949364
1563,1.9975665807724,0.016286443918943405
1564,2.046842336654663,0.017571689561009407
1565,2.0379912853240967,0.018795276060700417
1566,2.192301034927368,0.018224241212010384
1567,2.1862080097198486,0.02190360240638256
1568,1.9157637357711792,0.016247674822807312
1569,2.0579416751861572,0.027079053223133087
1570,2.2003989219665527,0.014084432274103165
1571,2.204521656036377,0.023194150999188423
1572,1.936813473701477,0.02427530102431774
1573,2.1599037647247314,0.01782405748963356
1574,2.1191163063049316,0.015864979475736618
1575,2.2309396266937256,0.017495708540081978
1576,2.0758066177368164,0.0204414464533329
1577,2.0944952964782715,0.019561052322387695
1578,2.010185718536377,0.029450714588165283
1579,2.0372676849365234,0.021185876801609993
1580,1.9404162168502808,0.018019763752818108
1581,1.9611986875534058,0.031159333884716034
1582,1.9012937545776367,0.024447714909911156
1583,2.060452938079834,0.022968878969550133
1584,2.1555869579315186,0.025887370109558105
1585,2.196124792098999,0.018504507839679718
1586,2.0148744583129883,0.020382627844810486
1587,1.9406147003173828,0.029257692396640778
1588,2.2092106342315674,0.018282297998666763
1589,1.926412582397461,0.020538218319416046
1590,1.9054979085922241,0.01710611581802368
1591,1.8378537893295288,0.013023820705711842
1592,2.0362372398376465,0.01984194479882717
1593,2.079538106918335,0.019988415762782097
1594,1.9714337587356567,0.020230507478117943
1595,1.8225256204605103,0.01580909825861454
1596,2.1523032188415527,0.016877219080924988
1597,1.8899145126342773,0.02934453822672367
1598,1.9242463111877441,0.030279794707894325
1599,1.9979156255722046,0.0193860474973917
1600,1.9447102546691895,0.018785441294312477
1601,2.338524103164673,0.01896917074918747
1602,2.1431405544281006,0.018180618062615395
1603,2.0389349460601807,0.015916237607598305
1604,2.0484631061553955,0.018517199903726578
1605,2.0280139446258545,0.013981112278997898
1606,2.151679039001465,0.017329297959804535
1607,2.009594202041626,0.01674829050898552
1608,2.068932294845581,0.02013755403459072
1609,2.3067965507507324,0.015902021899819374
1610,2.097666025161743,0.018399348482489586
1611,2.1717779636383057,0.020191961899399757
1612,2.080360174179077,0.021676411852240562
1613,1.91026771068573,0.020111044868826866
1614,2.061969041824341,0.015377494506537914
1615,2.1963391304016113,0.018132071942090988
1616,1.9310821294784546,0.018272263929247856
1617,2.114656448364258,0.020105905830860138
1618,2.18255877494812,0.02483712136745453
1619,2.1391654014587402,0.017821358516812325
1620,2.023388624191284,0.024821506813168526
1621,2.0503737926483154,0.030125604942440987
1622,2.154203176498413,0.024781672284007072
1623,2.4289186000823975,0.0127937076613307
1624,1.9747543334960938,0.021611498668789864
1625,1.6426935195922852,0.015086987055838108
1626,2.21415638923645,0.01457198429852724
1627,2.1073272228240967,0.014419134706258774
1628,1.9387234449386597,0.014084049500524998
1629,2.039930582046509,0.016989117488265038
1630,2.3230345249176025,0.013049236498773098
1631,2.125288724899292,0.012309729121625423
1632,1.9088319540023804,0.010475598275661469
1633,2.060797929763794,0.01208439003676176
1634,2.035513162612915,0.014734428375959396
1635,2.0835583209991455,0.016866911202669144
1636,2.027998685836792,0.015350925736129284
1637,2.0583980083465576,0.014826211147010326
1638,2.036184072494507,0.012599299661815166
1639,2.0048091411590576,0.0174246896058321
1640,1.9070162773132324,0.016931235790252686
1641,1.8894857168197632,0.015667831525206566
1642,2.122452735900879,0.021817751228809357
1643,2.0022308826446533,0.01968257874250412
1644,1.9686881303787231,0.015018250793218613
1645,2.0877771377563477,0.014917246997356415
1646,2.1395037174224854,0.01809985563158989
1647,2.0912420749664307,0.013241502456367016
1648,1.869219183921814,0.017142197117209435
1649,2.0385050773620605,0.01437477394938469
1650,2.0756142139434814,0.019115226343274117
1651,2.019442319869995,0.015015472657978535
1652,2.0713202953338623,0.011762621812522411
1653,2.1444144248962402,0.01093263179063797
1654,2.110572099685669,0.016109883785247803
1655,2.1523773670196533,0.010222013108432293
1656,2.0278217792510986,0.01665843091905117
1657,1.8879457712173462,0.013672474771738052
1658,1.83663809299469,0.013886420987546444
1659,2.1124722957611084,0.02285545878112316
1660,2.058964490890503,0.01622151769697666
1661,2.14070987701416,0.013307605870068073
1662,1.8551982641220093,0.02107115276157856
1663,2.2025306224823,0.016157295554876328
1664,2.1431524753570557,0.014542732387781143
1665,1.9839895963668823,0.017611229792237282
1666,1.858253002166748,0.021902061998844147
1667,2.218111038208008,0.04880042374134064
1668,2.0291550159454346,0.01733688823878765
1669,1.948426365852356,0.016552679240703583
1670,2.0092575550079346,0.02506774477660656
1671,1.867777705192566,0.01690041460096836
1672,2.183509588241577,0.018404671922326088
1673,2.107248306274414,0.01695116050541401
1674,2.1333200931549072,0.019034739583730698
1675,1.9390430450439453,0.015194709412753582
1676,1.9065581560134888,0.016145026311278343
1677,1.922059416770935,0.02091260999441147
1678,1.994655966758728,0.0192211102694273
1679,2.211334705352783,0.017171794548630714
1680,2.0234029293060303,0.01978129707276821
1681,1.9728809595108032,0.01957201212644577
1682,1.8326915502548218,0.016503237187862396
1683,2.0781733989715576,0.014147140085697174
1684,1.9220885038375854,0.018704118207097054
1685,1.8703747987747192,0.013870577327907085
1686,2.0747251510620117,0.016536112874746323
1687,2.0754082202911377,0.018332401290535927
1688,2.05987286567688,0.018901271745562553
1689,2.0933425426483154,0.016609326004981995
1690,1.9811139106750488,0.017940254881978035
1691,1.98428213596344,0.012812371365725994
1692,2.089195489883423,0.016976114362478256
1693,2.06268048286438,0.016110578551888466
1694,2.023683786392212,0.009536351077258587
1695,1.8996052742004395,0.019550153985619545
1696,2.078230142593384,0.012399652041494846
1697,1.83568274974823,0.0143500417470932
1698,1.9395004510879517,0.011528071016073227
1699,2.059605598449707,0.022526832297444344
1700,1.7741913795471191,0.014645182527601719
1701,2.1570448875427246,0.017694151028990746
1702,1.9876132011413574,0.0201727282255888
1703,1.9555134773254395,0.013267668895423412
1704,1.9543461799621582,0.017329929396510124
1705,2.217728853225708,0.01119254156947136
1706,2.084735155105591,0.01687735505402088
1707,1.9243649244308472,0.01811150461435318
1708,1.9805140495300293,0.01685432158410549
1709,2.0086567401885986,0.016722919419407845
1710,1.9413408041000366,0.014657988213002682
1711,1.9247177839279175,0.013269569724798203
1712,1.886614203453064,0.013398558832705021
1713,1.7849068641662598,0.021360719576478004
1714,1.9481959342956543,0.011526334099471569
1715,2.008157730102539,0.018028499558568
1716,2.0454001426696777,0.013937906362116337
1717,1.9616179466247559,0.0177603792399168
1718,1.9005206823349,0.01380606647580862
1719,2.0479929447174072,0.016653908416628838
1720,2.103037118911743,0.018777182325720787
1721,2.008138418197632,0.01762142963707447
1722,1.9422874450683594,0.016972936689853668
1723,2.0351240634918213,0.018040040507912636
1724,2.1112313270568848,0.023957671597599983
1725,1.9179092645645142,0.018234793096780777
1726,1.7207492589950562,0.016607234254479408
1727,1.9614239931106567,0.017900722101330757
1728,1.9976848363876343,0.014850030653178692
1729,2.021444082260132,0.01999998278915882
1730,2.115605592727661,0.01668972335755825
1731,1.9081138372421265,0.011532224714756012
1732,2.032343626022339,0.016808925196528435
1733,1.9430588483810425,0.013320284895598888
1734,1.7612651586532593,0.013093273155391216
1735,2.109459161758423,0.015315063297748566
1736,1.934390664100647,0.013684981502592564
1737,1.7181386947631836,0.01272339653223753
1738,2.242041826248169,0.013583405874669552
1739,2.037654161453247,0.01259492989629507
1740,1.8739371299743652,0.011014491319656372
1741,1.9907716512680054,0.013519776053726673
1742,2.0006465911865234,0.010085398331284523
1743,1.9034514427185059,0.015459408052265644
1744,1.6748909950256348,0.009424429386854172
1745,2.077437162399292,0.012781317345798016
1746,2.0304102897644043,0.014671309851109982
1747,2.059009075164795,0.015471070073544979
1748,2.215226173400879,0.010723120532929897
1749,2.3291964530944824,0.011900230310857296
1750,2.1629581451416016,0.0076874252408742905
1751,2.079033851623535,0.012762543745338917
1752,2.1409003734588623,0.014113632030785084
1753,2.082402467727661,0.012983719818294048
1754,2.074864625930786,0.013674892485141754
1755,1.9633923768997192,0.011724497191607952
1756,1.8593140840530396,0.01617271825671196
1757,2.0205605030059814,0.014964425005018711
1758,1.8919175863265991,0.009792373515665531
1759,2.0771899223327637,0.012423738837242126
1760,2.023663282394409,0.013175543397665024
1761,1.9601675271987915,0.013364109210669994
1762,1.8144835233688354,0.01499690767377615
1763,2.0248169898986816,0.01525298971682787
1764,2.143751382827759,0.012614190578460693
1765,2.0916874408721924,0.012830882333219051
1766,2.0359625816345215,0.012949337251484394
1767,2.2144129276275635,0.01210224162787199
1768,1.8155945539474487,0.012503412552177906
1769,2.1136832237243652,0.011864065192639828
1770,1.9823354482650757,0.01667087897658348
1771,2.153881311416626,0.015869280323386192
1772,2.050185441970825,0.014963526278734207
1773,1.9487375020980835,0.02236415632069111
1774,2.0407826900482178,0.018590077757835388
1775,1.9340301752090454,0.01961594820022583
1776,1.993789553642273,0.021969133988022804
1777,1.987205147743225,0.016020115464925766
1778,2.070084810256958,0.020560571923851967
1779,1.9435187578201294,0.021436041221022606
1780,1.8266996145248413,0.01372132170945406
1781,1.9116344451904297,0.01590019278228283
1782,2.2201712131500244,0.01745050959289074
1783,2.1107099056243896,0.02272050827741623
1784,1.9977375268936157,0.016639798879623413
1785,2.188624143600464,0.02024039626121521
1786,2.029747724533081,0.013199384324252605
1787,2.159425973892212,0.012298413552343845
1788,2.0310003757476807,0.011011946015059948
1789,2.300124168395996,0.014536515809595585
1790,2.038640260696411,0.014378339983522892
1791,2.0827622413635254,0.012927430681884289
1792,2.0115182399749756,0.012992157600820065
1793,2.131491184234619,0.015798764303326607
1794,2.0203425884246826,0.014332886785268784
1795,2.1758978366851807,0.015240274369716644
1796,1.9067625999450684,0.016149139031767845
1797,2.0318093299865723,0.016253449022769928
1798,1.9461220502853394,0.013923089019954205
1799,1.9523166418075562,0.01515224203467369
1800,1.822458267211914,0.01746584288775921
1801,1.9332455396652222,0.009740646928548813
1802,2.0384104251861572,0.015525705181062222
1803,2.028646230697632,0.012043509632349014
1804,2.1869215965270996,0.010576971806585789
1805,2.044153928756714,0.011563998647034168
1806,1.9831269979476929,0.011364039964973927
1807,2.17807936668396,0.010213866829872131
1808,2.0866806507110596,0.013286435045301914
1809,1.8916220664978027,0.013180562295019627
1810,2.1617414951324463,0.013311353512108326
1811,1.960917592048645,0.014406692236661911
1812,2.0192697048187256,0.012873325496912003
1813,2.0663628578186035,0.013040955178439617
1814,1.9513500928878784,0.013185440562665462
1815,2.091958999633789,0.014278195798397064
1816,2.091600179672241,0.014530998654663563
1817,1.830127239227295,0.013089089654386044
1818,2.0591399669647217,0.014488328248262405
1819,1.9113588333129883,0.016460156068205833
1820,2.2132904529571533,0.013582081533968449
1821,1.9736043214797974,0.013024275191128254
1822,1.9175481796264648,0.015672361478209496
1823,2.116356372833252,0.014736358076334
1824,1.988991379737854,0.017731426283717155
1825,1.9467965364456177,0.013925809413194656
1826,1.8469759225845337,0.016210662201046944
1827,2.1073639392852783,0.015509974211454391
1828,1.974352240562439,0.011801355518400669
1829,1.949522852897644,0.01718403585255146
1830,1.9346784353256226,0.013981671072542667
1831,2.0349957942962646,0.01429203525185585
1832,1.9952372312545776,0.015038781799376011
1833,1.8609250783920288,0.018166834488511086
1834,2.104233741760254,0.01658586598932743
1835,1.7974687814712524,0.011407016776502132
1836,1.9021929502487183,0.009746049530804157
1837,1.8201169967651367,0.008263454772531986
1838,2.0444178581237793,0.01159826572984457
1839,2.1353166103363037,0.019692784175276756
1840,2.0604465007781982,0.013768117874860764
1841,2.0161683559417725,0.011914961040019989
1842,1.9294562339782715,0.01037754025310278
1843,2.121756076812744,0.01154047716408968
1844,1.9256234169006348,0.011635507456958294
1845,1.9855700731277466,0.01429081056267023
1846,1.9168034791946411,0.012348630465567112
1847,2.0808019638061523,0.010876561515033245
1848,2.1011948585510254,0.0135868014767766
1849,2.1292831897735596,0.012139509432017803
1850,1.9707889556884766,0.010401390492916107
1851,1.9207983016967773,0.015347314067184925
1852,1.9996000528335571,0.015524269081652164
1853,2.065830707550049,0.010239248163998127
1854,1.8631547689437866,0.008818105794489384
1855,2.269489049911499,0.01327071338891983
1856,1.7771018743515015,0.014270588755607605
1857,2.0953381061553955,0.011973430402576923
1858,2.032992124557495,0.010427579283714294
1859,2.048816204071045,0.012263399548828602
1860,2.1329476833343506,0.010215843096375465
1861,2.2200334072113037,0.011699073947966099
1862,2.140437364578247,0.014356754720211029
1863,1.9614768028259277,0.015254869125783443
1864,2.1463046073913574,0.013295300304889679
1865,1.6346250772476196,0.010395824909210205
1866,1.7769007682800293,0.010068544186651707
1867,1.9234681129455566,0.011515946127474308
1868,2.0652918815612793,0.014957498759031296
1869,2.000237226486206,0.011707683093845844
1870,2.0699219703674316,0.011718399822711945
1871,1.9763269424438477,0.014574938453733921
1872,2.000291109085083,0.014158062636852264
1873,2.074221134185791,0.012261784635484219
1874,2.0350282192230225,0.012539508752524853
1875,2.1039628982543945,0.01394064724445343
1876,1.9443105459213257,0.010588313452899456
1877,1.8936920166015625,0.01614042930305004
1878,1.9404975175857544,0.01110552903264761
1879,2.008746385574341,0.012454126961529255
1880,1.9821110963821411,0.011922438628971577
1881,1.9876614809036255,0.012370437383651733
1882,1.845874309539795,0.00947935227304697
1883,2.1823489665985107,0.008286838419735432
1884,2.0106208324432373,0.0111917769536376
1885,2.214362859725952,0.010101720690727234
1886,1.7124714851379395,0.008313932456076145
1887,1.9252824783325195,0.00928422249853611
1888,2.0934102535247803,0.00803993921726942
1889,2.0295474529266357,0.011366356164216995
1890,2.0343568325042725,0.00972262304276228
1891,2.0312435626983643,0.010249543003737926
1892,2.0911495685577393,0.011970789171755314
1893,2.0953848361968994,0.014205398969352245
1894,1.9729318618774414,0.013826698064804077
1895,1.876989483833313,0.008700099773705006
1896,1.9284290075302124,0.009688467718660831
1897,1.9929295778274536,0.012181635946035385
1898,2.1472814083099365,0.00839791726320982
1899,1.8144680261611938,0.009561339393258095
1900,1.9044021368026733,0.010617334395647049
1901,1.7200747728347778,0.00820724293589592
1902,2.0424644947052,0.011428337544202805
1903,2.2029573917388916,0.009701432660222054
1904,1.9618045091629028,0.01120727602392435
1905,1.9872277975082397,0.00897639337927103
1906,2.0432114601135254,0.011641348712146282
1907,2.0239198207855225,0.011254980228841305
1908,2.0084786415100098,0.014348682947456837
1909,2.027709722518921,0.010666676796972752
1910,2.0285587310791016,0.00780936935916543
1911,2.037506341934204,0.01028098352253437
1912,2.16544508934021,0.011699083261191845
1913,2.1258089542388916,0.015310120768845081
1914,2.062758207321167,0.012213516049087048
1915,2.1839821338653564,0.014073703438043594
1916,1.9929147958755493,0.012888281606137753
1917,2.057371139526367,0.013601011596620083
1918,1.9931316375732422,0.01294801477342844
1919,2.087801694869995,0.01962125487625599
1920,1.7049590349197388,0.01224739383906126
1921,2.02956223487854,0.013687551021575928
1922,1.8858259916305542,0.009950918145477772
1923,1.8934651613235474,0.012140666134655476
1924,1.8856207132339478,0.010380017571151257
1925,1.9626097679138184,0.01040340680629015
1926,1.9758472442626953,0.009861829690635204
1927,2.0643913745880127,0.00875355675816536
1928,1.927719235420227,0.008199609816074371
1929,1.9645339250564575,0.008997599594295025
1930,2.0276873111724854,0.007467910647392273
1931,1.9316458702087402,0.010674458928406239
1932,1.8487197160720825,0.00871077086776495
1933,1.9940071105957031,0.010024200193583965
1934,1.8147958517074585,0.013035569339990616
1935,2.1986944675445557,0.009465806186199188
1936,1.9543423652648926,0.009443596936762333
1937,2.123459815979004,0.008322857320308685
1938,2.1947052478790283,0.012323684990406036
1939,1.9856491088867188,0.009239956736564636
1940,1.8914284706115723,0.011236975900828838
1941,1.9032753705978394,0.010844212956726551
1942,2.005391836166382,0.009599360637366772
1943,1.9377800226211548,0.007647779304534197
1944,2.0076334476470947,0.010946743190288544
1945,1.9492205381393433,0.012309552170336246
1946,1.9072951078414917,0.008362584747374058
1947,2.234537124633789,0.010812894441187382
1948,2.0797998905181885,0.0071092951111495495
1949,1.9196921586990356,0.00920994020998478
1950,1.9619736671447754,0.008579433895647526
1951,1.9793109893798828,0.011821405030786991
1952,1.87980318069458,0.01002983096987009
1953,2.0369880199432373,0.009236742742359638
1954,2.031226873397827,0.008758042939007282
1955,2.141598701477051,0.01082129031419754
1956,2.2211358547210693,0.00937496218830347
1957,1.9271928071975708,0.007874618284404278
1958,2.014538049697876,0.009736193343997002
1959,1.9508987665176392,0.009243476204574108
1960,1.9837708473205566,0.007899879477918148
1961,2.2176215648651123,0.00807094108313322
1962,1.8695192337036133,0.008131972514092922
1963,1.9073268175125122,0.009871712885797024
1964,1.9345641136169434,0.0073788403533399105
1965,1.9795795679092407,0.00938460323959589
1966,2.0287911891937256,0.008964870125055313
1967,1.8400675058364868,0.007690508384257555
1968,1.8913865089416504,0.010642913170158863
1969,2.13065505027771,0.0735083594918251
1970,2.0763418674468994,0.011567248962819576
1971,2.1289660930633545,0.011868252418935299
1972,2.0812225341796875,0.00919229257851839
1973,2.1301496028900146,0.00873304158449173
1974,1.9194011688232422,0.012009996920824051
1975,2.0326828956604004,0.01337280124425888
1976,2.056774139404297,0.012128793634474277
1977,1.7996803522109985,0.0100033488124609
1978,2.08152174949646,0.013987655751407146
1979,1.8789175748825073,0.012423660606145859
1980,2.0015580654144287,0.011195831000804901
1981,1.959876537322998,0.016181841492652893
1982,2.098240375518799,0.010526224970817566
1983,1.912072777748108,0.014694108627736568
1984,1.8828939199447632,0.009974629618227482
1985,1.9276210069656372,0.009986280463635921
1986,2.0251638889312744,0.014236587099730968
1987,1.9223023653030396,0.009555506519973278
1988,2.211881399154663,0.026780471205711365
1989,1.9863324165344238,0.01231121364980936
1990,2.1410863399505615,0.008565007708966732
1991,2.1247494220733643,0.011509627103805542
1992,2.0459892749786377,0.011073141358792782
1993,2.1006317138671875,0.009644826874136925
1994,2.042846441268921,0.0107046440243721
1995,1.8564714193344116,0.007324097212404013
1996,2.0615389347076416,0.006297725718468428
1997,2.039201498031616,0.008573023602366447
1998,1.9758049249649048,0.009185771457850933
1999,1.9893893003463745,0.008672582916915417
2000,2.039388656616211,0.0077046421356499195
